head,browser_group,n_variants,n_pathogenic,auroc_neg,auroc_abs,auroc_best,best_direction
atacseq_fetal_brain_peak,ATAC-seq,5772,1484,0.7384,0.7701,0.7701,abs
atacseq_gm12878_peak,ATAC-seq,11971,2971,0.6973,0.8121,0.8121,abs
atacseq_k562_peak,ATAC-seq,10476,2751,0.729,0.8276,0.8276,abs
atacseq_liver_peak,ATAC-seq,11156,2493,0.6313,0.7585,0.7585,abs
atacseq_lung_peak,ATAC-seq,11185,2459,0.6741,0.7678,0.7678,abs
atacseq_muscle_peak,ATAC-seq,11652,2691,0.6702,0.7992,0.7992,abs
atacseq_tcell_peak,ATAC-seq,11852,2764,0.6802,0.7879,0.7879,abs
chipseq_h3k27ac_fetal_brain_peak,ChIP-seq,11339,3707,0.8221,0.8819,0.8819,abs
chipseq_h3k27ac_gm12878_peak,ChIP-seq,8626,2201,0.8176,0.8571,0.8571,abs
chipseq_h3k27ac_k562_peak,ChIP-seq,11714,2990,0.8074,0.8417,0.8417,abs
chipseq_h3k27ac_liver_peak,ChIP-seq,10877,2743,0.7768,0.8419,0.8419,abs
chipseq_h3k27ac_lung_peak,ChIP-seq,10758,3063,0.7931,0.8499,0.8499,abs
chipseq_h3k27ac_monocyte_peak,ChIP-seq,8513,2335,0.8221,0.8804,0.8804,abs
chipseq_h3k27ac_muscle_peak,ChIP-seq,10114,2933,0.8141,0.8605,0.8605,abs
chipseq_h3k27ac_tcell_peak,ChIP-seq,11027,2682,0.7532,0.8111,0.8111,abs
chipseq_h3k27me3_fetal_brain_peak,ChIP-seq,8777,3108,0.7957,0.8258,0.8258,abs
chipseq_h3k27me3_gm12878_peak,ChIP-seq,412,232,0.7862,0.7951,0.7951,abs
chipseq_h3k27me3_k562_peak,ChIP-seq,136,108,0.817,0.8826,0.8826,abs
chipseq_h3k27me3_liver_peak,ChIP-seq,328,206,0.8725,0.8924,0.8924,abs
chipseq_h3k27me3_lung_peak,ChIP-seq,161,98,0.7765,0.8495,0.8495,abs
chipseq_h3k27me3_monocyte_peak,ChIP-seq,9511,3275,0.8322,0.8586,0.8586,abs
chipseq_h3k27me3_muscle_peak,ChIP-seq,3704,1240,0.8169,0.85,0.85,abs
chipseq_h3k27me3_tcell_peak,ChIP-seq,3307,1236,0.8643,0.8622,0.8643,neg
chipseq_h3k36me3_fetal_brain_peak,ChIP-seq,39268,16033,0.8091,0.8771,0.8771,abs
chipseq_h3k36me3_gm12878_peak,ChIP-seq,7993,3708,0.8863,0.909,0.909,abs
chipseq_h3k36me3_k562_peak,ChIP-seq,33838,14425,0.8455,0.8904,0.8904,abs
chipseq_h3k36me3_liver_peak,ChIP-seq,1386,697,0.9128,0.9176,0.9176,abs
chipseq_h3k36me3_lung_peak,ChIP-seq,5477,2257,0.8829,0.9108,0.9108,abs
chipseq_h3k36me3_monocyte_peak,ChIP-seq,47881,18788,0.8169,0.8783,0.8783,abs
chipseq_h3k36me3_muscle_peak,ChIP-seq,24147,10332,0.8322,0.8925,0.8925,abs
chipseq_h3k36me3_tcell_peak,ChIP-seq,35531,14620,0.8315,0.8913,0.8913,abs
chipseq_h3k4me1_fetal_brain_peak,ChIP-seq,6083,1568,0.822,0.8605,0.8605,abs
chipseq_h3k4me1_gm12878_peak,ChIP-seq,281,154,0.9166,0.9399,0.9399,abs
chipseq_h3k4me1_k562_peak,ChIP-seq,1056,440,0.9072,0.926,0.926,abs
chipseq_h3k4me1_liver_peak,ChIP-seq,480,242,0.8966,0.8968,0.8968,abs
chipseq_h3k4me1_lung_peak,ChIP-seq,4030,1935,0.8846,0.8965,0.8965,abs
chipseq_h3k4me1_monocyte_peak,ChIP-seq,10713,3796,0.889,0.9015,0.9015,abs
chipseq_h3k4me1_muscle_peak,ChIP-seq,5840,1689,0.8326,0.8691,0.8691,abs
chipseq_h3k4me1_tcell_peak,ChIP-seq,8211,2599,0.8562,0.8845,0.8845,abs
chipseq_h3k4me3_fetal_brain_peak,ChIP-seq,18758,5500,0.8149,0.8624,0.8624,abs
chipseq_h3k4me3_gm12878_peak,ChIP-seq,11933,3379,0.8511,0.868,0.868,abs
chipseq_h3k4me3_k562_peak,ChIP-seq,14573,3862,0.8376,0.8666,0.8666,abs
chipseq_h3k4me3_liver_peak,ChIP-seq,16571,4451,0.7728,0.8567,0.8567,abs
chipseq_h3k4me3_lung_peak,ChIP-seq,14186,3433,0.7298,0.8147,0.8147,abs
chipseq_h3k4me3_monocyte_peak,ChIP-seq,15214,4453,0.8275,0.8803,0.8803,abs
chipseq_h3k4me3_muscle_peak,ChIP-seq,15743,4469,0.806,0.8582,0.8582,abs
chipseq_h3k4me3_tcell_peak,ChIP-seq,15422,4175,0.7922,0.8456,0.8456,abs
chipseq_h3k9me3_fetal_brain_peak,ChIP-seq,617,77,0.9068,0.8939,0.9068,neg
chipseq_h3k9me3_gm12878_peak,ChIP-seq,146,60,0.8498,0.8465,0.8498,neg
chipseq_h3k9me3_liver_peak,ChIP-seq,353,67,0.9001,0.9041,0.9041,abs
chipseq_h3k9me3_lung_peak,ChIP-seq,325,21,0.7293,0.8128,0.8128,abs
chipseq_h3k9me3_monocyte_peak,ChIP-seq,2744,721,0.8326,0.8355,0.8355,abs
chipseq_h3k9me3_muscle_peak,ChIP-seq,605,54,0.7165,0.6642,0.7165,neg
chipseq_h3k9me3_tcell_peak,ChIP-seq,990,107,0.865,0.8704,0.8704,abs
ccre_chromatin_none,Chromatin,123896,38561,0.659,0.7765,0.7765,abs
ccre_distal_enhancer,Chromatin,13092,4915,0.8519,0.8878,0.8878,abs
ccre_promoter,Chromatin,8548,2059,0.6378,0.7324,0.7324,abs
ccre_proximal_enhancer,Chromatin,7104,3106,0.8787,0.9001,0.9001,abs
ccre_tf_binding,Chromatin,79,54,0.583,0.6163,0.6163,abs
ccre_type_none,Chromatin,77716,22411,0.4085,0.8444,0.8444,abs
chromhmm_esc_active_tss,Chromatin,13302,2766,0.685,0.7568,0.7568,abs
chromhmm_esc_bivalent,Chromatin,8845,2733,0.7921,0.8257,0.8257,abs
chromhmm_esc_enhancer,Chromatin,371,139,0.7766,0.8557,0.8557,abs
chromhmm_esc_none,Chromatin,31372,6111,0.5625,0.8626,0.8626,abs
chromhmm_esc_repressed,Chromatin,2721,908,0.813,0.881,0.881,abs
chromhmm_esc_transcribed,Chromatin,66066,24262,0.7414,0.8515,0.8515,abs
chromhmm_fetal_brain_active_tss,Chromatin,13369,2967,0.6772,0.789,0.789,abs
chromhmm_fetal_brain_bivalent,Chromatin,2686,1138,0.8371,0.8469,0.8469,abs
chromhmm_fetal_brain_enhancer,Chromatin,613,159,0.8263,0.8562,0.8562,abs
chromhmm_fetal_brain_none,Chromatin,17913,3525,0.6364,0.8622,0.8622,abs
chromhmm_fetal_brain_repressed,Chromatin,5935,2004,0.7079,0.8567,0.8567,abs
chromhmm_fetal_brain_transcribed,Chromatin,67471,24351,0.7455,0.8491,0.8491,abs
chromhmm_gm12878_active_tss,Chromatin,14136,3251,0.7311,0.8099,0.8099,abs
chromhmm_gm12878_bivalent,Chromatin,192,95,0.8915,0.8884,0.8915,neg
chromhmm_gm12878_enhancer,Chromatin,95,56,0.8049,0.826,0.826,abs
chromhmm_gm12878_none,Chromatin,33054,7775,0.6064,0.8602,0.8602,abs
chromhmm_gm12878_repressed,Chromatin,3827,1287,0.7652,0.8656,0.8656,abs
chromhmm_gm12878_transcribed,Chromatin,53572,19321,0.7351,0.8586,0.8586,abs
chromhmm_hippocampus_active_tss,Chromatin,14185,3425,0.7184,0.8101,0.8101,abs
chromhmm_hippocampus_bivalent,Chromatin,3583,1414,0.8503,0.8565,0.8565,abs
chromhmm_hippocampus_enhancer,Chromatin,694,340,0.8794,0.9052,0.9052,abs
chromhmm_hippocampus_none,Chromatin,21175,3296,0.5942,0.8605,0.8605,abs
chromhmm_hippocampus_repressed,Chromatin,3309,1446,0.749,0.8404,0.8404,abs
chromhmm_hippocampus_transcribed,Chromatin,64046,23422,0.7467,0.8625,0.8625,abs
chromhmm_k562_active_tss,Chromatin,14745,3387,0.7491,0.8012,0.8012,abs
chromhmm_k562_enhancer,Chromatin,389,193,0.7699,0.8451,0.8451,abs
chromhmm_k562_none,Chromatin,23152,5344,0.6453,0.8609,0.8609,abs
chromhmm_k562_repressed,Chromatin,12521,4161,0.7636,0.8609,0.8609,abs
chromhmm_k562_transcribed,Chromatin,53261,19353,0.7688,0.8718,0.8718,abs
chromhmm_liver_active_tss,Chromatin,5381,1108,0.7165,0.761,0.761,abs
chromhmm_liver_bivalent,Chromatin,7673,2451,0.8261,0.8477,0.8477,abs
chromhmm_liver_enhancer,Chromatin,693,244,0.7213,0.8012,0.8012,abs
chromhmm_liver_none,Chromatin,16905,3519,0.6741,0.8551,0.8551,abs
chromhmm_liver_repressed,Chromatin,12734,3202,0.5895,0.8449,0.8449,abs
chromhmm_liver_transcribed,Chromatin,55049,19959,0.7855,0.8768,0.8768,abs
chromhmm_lung_active_tss,Chromatin,14626,3186,0.7033,0.7774,0.7774,abs
chromhmm_lung_bivalent,Chromatin,809,576,0.9272,0.9341,0.9341,abs
chromhmm_lung_enhancer,Chromatin,1874,817,0.8537,0.8881,0.8881,abs
chromhmm_lung_none,Chromatin,25180,4584,0.5126,0.8712,0.8712,abs
chromhmm_lung_repressed,Chromatin,805,294,0.823,0.8719,0.8719,abs
chromhmm_lung_transcribed,Chromatin,68856,25074,0.7811,0.8661,0.8661,abs
chromhmm_monocyte_active_tss,Chromatin,12603,2815,0.7115,0.7792,0.7792,abs
chromhmm_monocyte_bivalent,Chromatin,2528,1015,0.8506,0.8598,0.8598,abs
chromhmm_monocyte_enhancer,Chromatin,836,371,0.8409,0.8966,0.8966,abs
chromhmm_monocyte_none,Chromatin,27966,5913,0.5183,0.851,0.851,abs
chromhmm_monocyte_repressed,Chromatin,5043,1565,0.7501,0.8579,0.8579,abs
chromhmm_monocyte_transcribed,Chromatin,56511,20423,0.7654,0.8697,0.8697,abs
chromhmm_muscle_active_tss,Chromatin,14641,3441,0.7431,0.8088,0.8088,abs
chromhmm_muscle_bivalent,Chromatin,2584,1033,0.8314,0.8544,0.8544,abs
chromhmm_muscle_enhancer,Chromatin,477,83,0.8383,0.8465,0.8465,abs
chromhmm_muscle_none,Chromatin,39529,8148,0.4863,0.879,0.879,abs
chromhmm_muscle_repressed,Chromatin,3485,1512,0.7861,0.8472,0.8472,abs
chromhmm_muscle_transcribed,Chromatin,50791,18523,0.7619,0.8797,0.8797,abs
chromhmm_tcell_active_tss,Chromatin,11977,2638,0.7354,0.8061,0.8061,abs
chromhmm_tcell_bivalent,Chromatin,6051,1866,0.7413,0.8003,0.8003,abs
chromhmm_tcell_enhancer,Chromatin,3040,1266,0.8771,0.887,0.887,abs
chromhmm_tcell_none,Chromatin,8674,1746,0.7191,0.8424,0.8424,abs
chromhmm_tcell_repressed,Chromatin,25645,6686,0.5649,0.8474,0.8474,abs
chromhmm_tcell_transcribed,Chromatin,49264,17623,0.6945,0.8662,0.8662,abs
fstack_is_enhancer,Chromatin,5561,1103,0.6622,0.8367,0.8367,abs
fstack_is_promoter,Chromatin,5307,663,0.6417,0.6857,0.6857,abs
fstack_is_quiescent,Chromatin,37851,14726,0.8151,0.8855,0.8855,abs
fstack_is_repressed,Chromatin,43365,15625,0.788,0.8813,0.8813,abs
fstack_is_transcribed,Chromatin,848,309,0.8268,0.8451,0.8451,abs
fstack_none,Chromatin,89,77,0.7089,0.8712,0.8712,abs
interpro_Alpha_Beta_hydrolase_fold,InterPro,569,338,0.832,0.8357,0.8357,abs
interpro_Ankyrin_repeat,InterPro,746,174,0.8209,0.8525,0.8525,abs
interpro_Ankyrin_repeat_containing_domain_superfamily,InterPro,990,304,0.7461,0.7865,0.7865,abs
interpro_Armadillo,InterPro,117,29,0.8911,0.9052,0.9052,abs
interpro_Armadillo_like_helical,InterPro,424,109,0.8194,0.8646,0.8646,abs
interpro_Armadillo_type_fold,InterPro,542,167,0.8298,0.8671,0.8671,abs
interpro_B_box_type_zinc_finger,InterPro,103,36,0.8615,0.8089,0.8615,neg
interpro_Butyrophylin_like_SPRY_domain,InterPro,200,44,0.642,0.6576,0.6576,abs
interpro_C2_domain,InterPro,133,64,0.9015,0.9169,0.9169,abs
interpro_C2_domain_superfamily,InterPro,236,118,0.8934,0.9328,0.9328,abs
interpro_CUB_domain,InterPro,155,58,0.7919,0.8241,0.8241,abs
interpro_Cadherin_like,InterPro,458,198,0.7473,0.7539,0.7539,abs
interpro_Cadherin_like_superfamily,InterPro,559,227,0.7649,0.8046,0.8046,abs
interpro_Calponin_homology_domain,InterPro,53,35,0.9143,0.9127,0.9143,neg
interpro_Collagen_triple_helix_repeat,InterPro,419,296,0.8114,0.8186,0.8186,abs
interpro_Concanavalin_A_like_lectin_glucanase_domain_superfamily,InterPro,823,367,0.8449,0.8656,0.8656,abs
interpro_Cytochrome_P450,InterPro,1852,746,0.715,0.7696,0.7696,abs
interpro_Cytochrome_P450_E_class_group_I,InterPro,140,83,0.8596,0.884,0.884,abs
interpro_EF_Hand_1_calcium_binding_site,InterPro,202,132,0.7758,0.8792,0.8792,abs
interpro_EF_hand_domain,InterPro,467,272,0.8011,0.826,0.826,abs
interpro_EF_hand_domain_pair,InterPro,322,148,0.7885,0.8255,0.8255,abs
interpro_EGF_like_calcium_binding_conserved_site,InterPro,149,100,0.888,0.8839,0.888,neg
interpro_EGF_like_calcium_binding_domain,InterPro,923,499,0.8387,0.8595,0.8595,abs
interpro_EGF_like_domain,InterPro,1880,946,0.8192,0.8302,0.8302,abs
interpro_EGF_type_aspartate_asparagine_hydroxylation_site,InterPro,289,196,0.9373,0.9364,0.9373,neg
interpro_Fibronectin_type_III,InterPro,796,328,0.7984,0.8161,0.8161,abs
interpro_Fibronectin_type_III_superfamily,InterPro,918,404,0.7962,0.8227,0.8227,abs
interpro_Fork_head_domain,InterPro,712,579,0.9468,0.9704,0.9704,abs
interpro_GPCR_family_2_secretin_like,InterPro,258,104,0.7785,0.8116,0.8116,abs
interpro_GPCR_rhodopsin_like_7TM,InterPro,2965,683,0.6714,0.738,0.738,abs
interpro_G_protein_coupled_receptor_rhodopsin_like,InterPro,2828,856,0.7365,0.7707,0.7707,abs
interpro_Growth_factor_receptor_cysteine_rich_domain_superfamily,InterPro,529,287,0.8073,0.8149,0.8149,abs
interpro_Helicase_C_terminal_domain_like,InterPro,370,255,0.9039,0.9164,0.9164,abs
interpro_Helicase_superfamily_1_2_ATP_binding_domain,InterPro,591,367,0.8937,0.9071,0.9071,abs
interpro_Helix_loop_helix_DNA_binding_domain_superfamily,InterPro,400,240,0.855,0.8987,0.8987,abs
interpro_Homedomain_like_superfamily,InterPro,1095,684,0.8601,0.8995,0.8995,abs
interpro_Homeodomain,InterPro,811,486,0.9083,0.9422,0.9422,abs
interpro_Homeodomain_metazoa,InterPro,421,302,0.9171,0.9289,0.9289,abs
interpro_Immunoglobulin_E_set,InterPro,537,318,0.8577,0.8641,0.8641,abs
interpro_Immunoglobulin_I_set,InterPro,106,47,0.8875,0.8868,0.8875,neg
interpro_Immunoglobulin_V_set_domain,InterPro,373,159,0.8296,0.8758,0.8758,abs
interpro_Immunoglobulin_domain_subtype,InterPro,1161,289,0.7671,0.8109,0.8109,abs
interpro_Immunoglobulin_like_domain,InterPro,1056,310,0.7403,0.7863,0.7863,abs
interpro_Immunoglobulin_like_domain_superfamily,InterPro,1243,322,0.7204,0.8302,0.8302,abs
interpro_Immunoglobulin_like_fold,InterPro,2627,876,0.7513,0.8078,0.8078,abs
interpro_Immunoglobulin_subtype_2,InterPro,618,164,0.791,0.8347,0.8347,abs
interpro_Intermediate_filament_rod_domain,InterPro,1688,738,0.7563,0.7983,0.7983,abs
interpro_Kelch_repeat_type_1,InterPro,227,97,0.8586,0.9025,0.9025,abs
interpro_Kinesin_motor_domain,InterPro,865,521,0.8047,0.8487,0.8487,abs
interpro_Krueppel_associated_box_domain_superfamily,InterPro,369,6,0.6671,0.6713,0.6713,abs
interpro_LDL_receptor_like_superfamily,InterPro,182,123,0.8068,0.8674,0.8674,abs
interpro_Laminin_G_domain,InterPro,102,32,0.8295,0.8741,0.8741,abs
interpro_Laminin_type_EGF_domain,InterPro,241,140,0.8768,0.8902,0.8902,abs
interpro_Leucine_rich_repeat,InterPro,497,135,0.7879,0.8138,0.8138,abs
interpro_Leucine_rich_repeat_domain_superfamily,InterPro,2511,692,0.7936,0.8382,0.8382,abs
interpro_Leucine_rich_repeat_typical_subtype,InterPro,620,190,0.7953,0.8156,0.8156,abs
interpro_Low_density_lipoprotein_LDL_receptor_class_A_repeat,InterPro,179,114,0.9158,0.9339,0.9339,abs
interpro_MFS_transporter_superfamily,InterPro,1441,758,0.829,0.8683,0.8683,abs
interpro_Mitochondrial_carrier_protein_transmembrane_region,InterPro,846,448,0.805,0.8447,0.8447,abs
interpro_Myc_type_basic_helix_loop_helix_bHLH_domain,InterPro,148,81,0.8036,0.9133,0.9133,abs
interpro_Myosin_head_motor_domain_like,InterPro,746,430,0.8184,0.867,0.867,abs
interpro_NOTCH1_EGF_like_calcium_binding_domain,InterPro,173,114,0.8234,0.858,0.858,abs
interpro_Nebulin_repeat,InterPro,114,44,0.6883,0.7071,0.7071,abs
interpro_Neurotransmitter_gated_ion_channel,InterPro,799,404,0.712,0.8195,0.8195,abs
interpro_Nucleotide_binding_alpha_beta_plait_domain_superfamily,InterPro,332,121,0.8266,0.8607,0.8607,abs
interpro_PDZ_domain,InterPro,113,41,0.9048,0.9207,0.9207,abs
interpro_PDZ_superfamily,InterPro,116,51,0.8057,0.8679,0.8679,abs
interpro_PH_like_domain_superfamily,InterPro,337,158,0.8754,0.8927,0.8927,abs
interpro_P_loop_containing_nucleoside_triphosphate_hydrolase,InterPro,5552,3288,0.8388,0.869,0.869,abs
interpro_Peptidase_S1A_chymotrypsin_family,InterPro,448,249,0.8403,0.8509,0.8509,abs
interpro_Protein_kinase_ATP_binding_site,InterPro,245,138,0.8825,0.9307,0.9307,abs
interpro_Protein_kinase_domain,InterPro,2657,1230,0.8475,0.8743,0.8743,abs
interpro_Protein_kinase_like_domain_superfamily,InterPro,2994,1449,0.8504,0.8781,0.8781,abs
interpro_Protein_tyrosine_phosphatase_like,InterPro,520,349,0.8849,0.901,0.901,abs
interpro_RNA_binding_domain_superfamily,InterPro,294,116,0.8873,0.9086,0.9086,abs
interpro_RNA_recognition_motif_domain,InterPro,347,128,0.8872,0.9161,0.9161,abs
interpro_Regulator_of_chromosome_condensation_RCC1,InterPro,154,73,0.9022,0.9158,0.9158,abs
interpro_SH2_domain,InterPro,228,142,0.9171,0.9207,0.9207,abs
interpro_SH2_domain_superfamily,InterPro,327,211,0.9177,0.9298,0.9298,abs
interpro_SRCR_domain,InterPro,94,43,0.8295,0.8222,0.8295,neg
interpro_S_adenosyl_L_methionine_dependent_methyltransferase_superfamily,InterPro,68,40,0.8321,0.8482,0.8482,abs
interpro_Serine_proteases_trypsin_domain,InterPro,1801,812,0.7694,0.7941,0.7941,abs
interpro_Serine_threonine_protein_kinase_active_site,InterPro,264,152,0.8906,0.949,0.949,abs
interpro_Serine_threonine_tyrosine_protein_kinase_catalytic_domain,InterPro,706,435,0.8847,0.9038,0.9038,abs
interpro_Short_chain_dehydrogenase_reductase_SDR,InterPro,400,166,0.7407,0.7705,0.7705,abs
interpro_Small_GTPase,InterPro,1034,643,0.8255,0.8502,0.8502,abs
interpro_Sodium:neurotransmitter_symporter,InterPro,255,149,0.8176,0.8534,0.8534,abs
interpro_Spectrin_alpha_actinin,InterPro,180,86,0.7631,0.8001,0.8001,abs
interpro_Spectrin_repeat,InterPro,229,118,0.7699,0.7886,0.7886,abs
interpro_Spermadhesin_CUB_domain_superfamily,InterPro,59,21,0.9612,0.9612,0.9612,neg
interpro_Sushi_SCR_CCP_domain,InterPro,261,41,0.7718,0.7784,0.7784,abs
interpro_Sushi_SCR_CCP_superfamily,InterPro,161,40,0.7636,0.7785,0.7785,abs
interpro_Tetratricopeptide_like_helical_domain_superfamily,InterPro,637,220,0.8307,0.8573,0.8573,abs
interpro_Tetratricopeptide_repeat,InterPro,257,112,0.8689,0.8768,0.8768,abs
interpro_Thrombospondin_type_1_TSP1_repeat,InterPro,277,109,0.7368,0.8023,0.8023,abs
interpro_Thrombospondin_type_1_repeat_superfamily,InterPro,179,72,0.8197,0.8126,0.8197,neg
interpro_Tubulin,InterPro,475,316,0.6238,0.7482,0.7482,abs
interpro_Tyrosine_specific_protein_phosphatase_PTPase_domain,InterPro,865,545,0.8469,0.8627,0.8627,abs
interpro_VWFC_domain,InterPro,55,23,0.8397,0.8655,0.8655,abs
interpro_WD40_YVTN_repeat_like_containing_domain_superfamily,InterPro,2556,1148,0.8518,0.873,0.873,abs
interpro_WD40_repeat,InterPro,1024,523,0.8497,0.8824,0.8824,abs
interpro_WD40_repeat_containing_domain_superfamily,InterPro,2209,1158,0.8446,0.8611,0.8611,abs
interpro_Winged_helix_DNA_binding_domain_superfamily,InterPro,563,461,0.9306,0.9461,0.9461,abs
interpro_Winged_helix_like_DNA_binding_domain_superfamily,InterPro,751,596,0.9021,0.9122,0.9122,abs
interpro_Zinc_finger_C2H2_superfamily,InterPro,1760,446,0.9202,0.931,0.931,abs
interpro_Zinc_finger_C2H2_type,InterPro,1706,503,0.9238,0.9307,0.9307,abs
interpro_Zinc_finger_CCCH_type,InterPro,79,27,0.7607,0.8063,0.8063,abs
interpro_Zinc_finger_RING_FYVE_PHD_type,InterPro,566,301,0.9067,0.9157,0.9157,abs
interpro_Zinc_finger_RING_type,InterPro,334,170,0.894,0.911,0.911,abs
interpro_Zinc_finger_nuclear_hormone_receptor_type,InterPro,663,442,0.899,0.927,0.927,abs
interpro_von_Willebrand_factor_A_like_domain_superfamily,InterPro,219,125,0.8399,0.857,0.857,abs
interpro_von_Willebrand_factor_type_A,InterPro,462,216,0.7489,0.7872,0.7872,abs
ptm_acetylation,PTM,31084,11465,0.7619,0.8095,0.8095,abs
ptm_any,PTM,124577,38693,0.4896,0.5056,0.5056,abs
ptm_glycosylation,PTM,45557,17069,0.7744,0.8089,0.8089,abs
ptm_methylation,PTM,38594,16477,0.7629,0.7897,0.7897,abs
ptm_phosphorylation,PTM,59329,17983,0.8143,0.8368,0.8368,abs
ptm_sumoylation,PTM,24456,9559,0.8177,0.8223,0.8223,abs
ptm_ubiquitination,PTM,15698,7191,0.836,0.8683,0.8683,abs
secondary_structure_C,Protein,31568,14944,0.7975,0.8729,0.8729,abs
secondary_structure_E,Protein,53965,18113,0.8348,0.9081,0.9081,abs
secondary_structure_H,Protein,53989,20424,0.7835,0.8922,0.8922,abs
secondary_structure_none,Protein,56053,10988,0.6409,0.7672,0.7672,abs
region_3UTR,Region,24421,5349,0.563,0.5995,0.5995,abs
region_5UTR,Region,11031,2803,0.6163,0.733,0.733,abs
region_CDS,Region,48234,20266,0.7177,0.6697,0.7177,neg
region_intron,Region,69175,21105,0.6374,0.6599,0.6599,abs
region_none,Region,31143,7216,0.5401,0.5739,0.5739,abs
in_active_site,Structure,469,289,0.7943,0.853,0.853,abs
in_binding_site,Structure,2377,1705,0.8832,0.9166,0.9166,abs
in_chain,Structure,80750,29378,0.6301,0.6372,0.6372,abs
in_coiled_coil,Structure,1946,507,0.8057,0.8471,0.8471,abs
in_compositional_bias,Structure,2673,880,0.7696,0.7656,0.7696,neg
in_cross_link,Structure,244,179,0.7501,0.7672,0.7672,abs
in_disulfide_bond,Structure,7138,3640,0.8461,0.8688,0.8688,abs
in_dna_binding,Structure,2228,1247,0.8006,0.8967,0.8967,abs
in_domain,Structure,18553,9278,0.8267,0.8832,0.8832,abs
in_elm_motif,Structure,72,51,0.8189,0.8824,0.8824,abs
in_initiator_methionine,Structure,1019,439,0.7207,0.7859,0.7859,abs
in_interpro_domain,Structure,82563,30423,0.678,0.6567,0.678,neg
in_intramembrane,Structure,120,95,0.8901,0.9044,0.9044,abs
in_motif,Structure,130,118,0.8538,0.8616,0.8616,abs
in_peptide,Structure,81,28,0.7015,0.6651,0.7015,neg
in_propeptide,Structure,823,305,0.8507,0.8519,0.8519,abs
in_ptm,Structure,3936,1665,0.7008,0.811,0.811,abs
in_ptm_subtype,Structure,3893,1693,0.7117,0.8144,0.8144,abs
in_region,Structure,18990,4325,0.7118,0.7632,0.7632,abs
in_repeat,Structure,4966,2025,0.831,0.8639,0.8639,abs
in_secondary_structure,Structure,14040,9460,0.8137,0.8561,0.8561,abs
in_topological_domain,Structure,18002,7387,0.8112,0.8528,0.8528,abs
in_transit_peptide,Structure,1231,400,0.7286,0.75,0.75,abs
in_transmembrane,Structure,9463,3996,0.8383,0.885,0.885,abs
in_zinc_finger,Structure,4004,1790,0.9037,0.9098,0.9098,abs
is_allosteric,Structure,5538,2773,0.8372,0.8517,0.8517,abs
is_alu,Structure,24917,5191,0.5831,0.6621,0.6621,abs
is_any_repeat,Structure,42597,11154,0.5939,0.6747,0.6747,abs
is_branchpoint_region,Structure,40868,16699,0.6695,0.7506,0.7506,abs
is_buried,Structure,314,189,0.8476,0.9268,0.9268,abs
is_constitutive_exon,Structure,1492,194,0.6371,0.8552,0.8552,abs
is_cpg_island,Structure,23996,7198,0.6641,0.7664,0.7664,abs
is_disordered,Structure,67728,9543,0.5529,0.8396,0.8396,abs
is_dna_transposon,Structure,13244,2362,0.5842,0.6587,0.6587,abs
is_exon_to_intron,Structure,31620,14204,0.6074,0.628,0.628,abs
is_intron_to_exon,Structure,30893,14072,0.5585,0.6234,0.6234,abs
is_line,Structure,27337,5445,0.5783,0.62,0.62,abs
is_linear_interacting,Structure,92170,33791,0.7439,0.7648,0.7648,abs
is_low_plddt,Structure,31877,6159,0.7258,0.7725,0.7725,abs
is_ltr,Structure,19166,3215,0.5437,0.6143,0.6143,abs
is_polypyrimidine_tract,Structure,39548,15626,0.6133,0.7095,0.7095,abs
is_ppi_interface,Structure,121291,36964,0.464,0.7973,0.7973,abs
is_ptc_region,Structure,42805,14348,0.7443,0.8583,0.8583,abs
is_segdup,Structure,5449,1530,0.6213,0.6489,0.6489,abs
is_simple_repeat_rmsk,Structure,9548,2979,0.6094,0.6908,0.6908,abs
is_sine,Structure,30721,7618,0.6367,0.711,0.711,abs
is_splice_acceptor,Structure,31853,13950,0.5844,0.6444,0.6444,abs
is_splice_donor,Structure,30546,13844,0.575,0.653,0.653,abs
is_start_codon,Structure,6202,2000,0.6534,0.7427,0.7427,abs
is_trf,Structure,7287,1528,0.5549,0.642,0.642,abs
is_uorf,Structure,252,80,0.7782,0.8106,0.8106,abs
amino_acid_A,Substitution,58119,21188,0.6474,0.7361,0.7361,abs
amino_acid_C,Substitution,37174,14375,0.7152,0.7991,0.7991,abs
amino_acid_D,Substitution,47818,17121,0.6906,0.7882,0.7882,abs
amino_acid_E,Substitution,54088,19002,0.6853,0.7745,0.7745,abs
amino_acid_F,Substitution,51788,19799,0.7084,0.8056,0.8056,abs
amino_acid_G,Substitution,57457,22113,0.7105,0.7716,0.7716,abs
amino_acid_H,Substitution,40463,14727,0.6948,0.7939,0.7939,abs
amino_acid_I,Substitution,46406,17144,0.6354,0.7639,0.7639,abs
amino_acid_K,Substitution,56311,21116,0.72,0.7852,0.7852,abs
amino_acid_L,Substitution,54351,19990,0.7141,0.814,0.814,abs
amino_acid_M,Substitution,43292,16447,0.6414,0.7521,0.7521,abs
amino_acid_N,Substitution,49262,18015,0.6484,0.7696,0.7696,abs
amino_acid_P,Substitution,58838,20807,0.6309,0.7416,0.7416,abs
amino_acid_Q,Substitution,51518,19320,0.6807,0.7843,0.7843,abs
amino_acid_R,Substitution,55959,20714,0.671,0.717,0.717,abs
amino_acid_S,Substitution,52703,18451,0.6781,0.777,0.777,abs
amino_acid_T,Substitution,50595,19090,0.6855,0.768,0.768,abs
amino_acid_V,Substitution,55815,20991,0.6778,0.7495,0.7495,abs
amino_acid_W,Substitution,26608,10162,0.7187,0.7894,0.7894,abs
amino_acid_Y,Substitution,41556,16213,0.7131,0.8255,0.8255,abs
amino_acid_none,Substitution,30684,5019,0.7087,0.815,0.815,abs
